{
  "$schema": "https://raw.githubusercontent.com/grafana/grafana/master/docs/sources/developers/plugins/plugin.schema.json",
  "dependencies": {
    "grafanaDependency": ">=9.0.0",
    "plugins": []
  },
  "id": "volkovlabs-form-panel",
  "info": {
    "author": {
      "name": "Volkov Labs",
      "url": "https://volkovlabs.io"
    },
    "description": "Insert, update application data, and modify configuration",
    "keywords": ["Form", "JSON", "Data"],
    "links": [
      {
        "name": "Documentation",
        "url": "https://volkovlabs.io/plugins/volkovlabs-form-panel/"
      },
      {
        "name": "GitHub",
        "url": "https://github.com/VolkovLabs/volkovlabs-form-panel"
      }
    ],
    "logos": {
      "large": "img/logo.svg",
      "small": "img/logo.svg"
    },
    "screenshots": [
      {
        "name": "Panel",
        "path": "img/panel.png"
      },
      {
        "name": "Form Elements",
        "path": "img/elements.png"
      },
      {
        "name": "Request",
        "path": "img/request.png"
      }
    ],
    "updated": "2023-08-14",
    "version": "3.1.0"
  },
  "name": "Data Manipulation",
  "type": "panel"
}
